menu_id,store_id,store_name,menu_name,category,tags,current_food_character,suggested_food_character,confidence,warning,review_status
M001,C001,리코리코,닭고기 부리또,햄버거,"[""가성비"",""혼밥"",""빠른식사"",""든든함"",""포장"",""배달"",""시험기간""]",,quick-snack,high,기존 tags 문자열 오분류 방지 확인: 부리또는 quick-snack 후보입니다.,needs-review
M002,C001,리코리코,소고기 부리또,햄버거,"[""가성비"",""혼밥"",""빠른식사"",""든든함"",""포장"",""배달"",""시험기간""]",,quick-snack,high,기존 tags 문자열 오분류 방지 확인: 부리또는 quick-snack 후보입니다.,needs-review
M003,C001,리코리코,섞어 부리또,햄버거,"[""가성비"",""혼밥"",""빠른식사"",""든든함"",""포장"",""배달"",""시험기간""]",,quick-snack,high,기존 tags 문자열 오분류 방지 확인: 부리또는 quick-snack 후보입니다.,needs-review
M004,C001,리코리코,치킨텐더 부리또,햄버거,"[""가성비"",""혼밥"",""빠른식사"",""든든함"",""포장"",""배달"",""시험기간""]",,quick-snack,high,기존 tags 문자열 오분류 방지 확인: 부리또는 quick-snack 후보입니다.,needs-review
M005,C001,리코리코,제육 부리또,햄버거,"[""가성비"",""혼밥"",""빠른식사"",""든든함"",""포장"",""배달"",""시험기간""]",,quick-snack,high,기존 tags 문자열 오분류 방지 확인: 부리또는 quick-snack 후보입니다.,needs-review
M006,C002,달인의 찜닭,달인 순살 찜닭,찜/탕,"[""단체"",""데이트"",""든든함"",""시험기간""]",,main-dish,high,,needs-review
M007,C002,달인의 찜닭,달인 치즈순살 찜닭,찜/탕,"[""단체"",""데이트"",""든든함"",""시험기간""]",,main-dish,high,,needs-review
M008,C003,엄마손,두루치기,한식,"[""가성비"",""혼밥"",""단체"",""든든함"",""가볍게""]",,main-dish,high,,needs-review
M009,C003,엄마손,된장찌개,한식,"[""가성비"",""혼밥"",""단체"",""든든함"",""가볍게""]",,hot-soup,high,,needs-review
M010,C003,엄마손,김치찌개,한식,"[""가성비"",""혼밥"",""단체"",""든든함"",""가볍게""]",,hot-soup,high,,needs-review
M011,C003,엄마손,순두부찌개,한식,"[""가성비"",""혼밥"",""단체"",""든든함"",""가볍게""]",,hot-soup,high,,needs-review
M012,C003,엄마손,뚝배기불고기,한식,"[""가성비"",""혼밥"",""단체"",""든든함"",""가볍게""]",,main-dish,high,,needs-review
M013,C003,엄마손,돌솥비빔밥,한식,"[""가성비"",""혼밥"",""단체"",""든든함"",""가볍게""]",,rice-meal,high,,needs-review
M014,C003,엄마손,육개장,한식,"[""가성비"",""혼밥"",""단체"",""든든함"",""가볍게"",""해장""]",,hot-soup,high,,needs-review
M015,C004,한솥도시락,빅치킨마요,도시락,"[""가성비"",""혼밥"",""단체"",""든든함"",""가볍게"",""포장"",""배달"",""시험기간"",""빠른식사""]",,rice-meal,low,메뉴명 규칙이 없어 category '도시락' 기준으로 제안했습니다.,needs-review
M016,C004,한솥도시락,제육 많이 덮밥,도시락,"[""가성비"",""혼밥"",""단체"",""든든함"",""가볍게"",""포장"",""배달"",""시험기간"",""빠른식사""]",,rice-meal,high,,needs-review
M017,C004,한솥도시락,돈까스 도련님 고기고기,도시락,"[""가성비"",""혼밥"",""단체"",""든든함"",""가볍게"",""포장"",""배달"",""시험기간"",""빠른식사""]",,main-dish,high,,needs-review
M018,C004,한솥도시락,왕카레돈까스 덮밥,도시락,"[""가성비"",""혼밥"",""단체"",""든든함"",""가볍게"",""포장"",""배달"",""시험기간"",""빠른식사""]",,rice-meal,medium,"복수 식사 형태 후보가 감지되었습니다: rice-meal, main-dish.",needs-review
M019,C005,경대컵밥,경대컵밥도시락,도시락,"[""가성비"",""혼밥"",""단체"",""든든함"",""가볍게"",""포장"",""배달"",""시험기간"",""빠른식사""]",,rice-meal,high,,needs-review
M020,C005,경대컵밥,오리훈제컵밥도시락,도시락,"[""가성비"",""혼밥"",""단체"",""든든함"",""가볍게"",""포장"",""배달"",""시험기간"",""빠른식사""]",,rice-meal,high,,needs-review
M021,C005,경대컵밥,제육컵밥도시락,도시락,"[""가성비"",""혼밥"",""단체"",""든든함"",""가볍게"",""포장"",""배달"",""시험기간"",""빠른식사""]",,rice-meal,high,,needs-review
M022,C005,경대컵밥,치즈컵밥도시락,도시락,"[""가성비"",""혼밥"",""단체"",""든든함"",""가볍게"",""포장"",""배달"",""시험기간"",""빠른식사""]",,rice-meal,high,,needs-review
M023,C006,쇼부라멘,소유라멘,일식/돈까스,"[""혼밥"",""든든함"",""가볍게"",""시험기간"",""빠른식사"",""해장"",""데이트""]",,noodle-special,high,,needs-review
M024,C006,쇼부라멘,미소라멘,일식/돈까스,"[""혼밥"",""든든함"",""가볍게"",""시험기간"",""빠른식사"",""해장"",""데이트""]",,noodle-special,high,,needs-review
M025,C006,쇼부라멘,돈코츠라멘,일식/돈까스,"[""혼밥"",""든든함"",""가볍게"",""시험기간"",""빠른식사"",""해장"",""데이트""]",,noodle-special,high,,needs-review
M026,C006,쇼부라멘,탄탄멘,일식/돈까스,"[""혼밥"",""든든함"",""가볍게"",""시험기간"",""빠른식사"",""해장"",""데이트""]",,noodle-special,high,,needs-review
M027,C007,봉구스밥버거,봉구스,도시락,"[""혼밥"",""가볍게"",""시험기간"",""빠른식사"",""포장"",""배달"",""가성비""]",,quick-snack,medium,가게명 문맥으로 밥버거 후보를 제안했습니다.,needs-review
M028,C007,봉구스밥버거,햄치즈,도시락,"[""혼밥"",""가볍게"",""시험기간"",""빠른식사"",""포장"",""배달""]",,quick-snack,medium,가게명 문맥으로 밥버거 후보를 제안했습니다.,needs-review
M029,C007,봉구스밥버거,봉구킹,도시락,"[""혼밥"",""가볍게"",""시험기간"",""빠른식사"",""포장"",""배달""]",,quick-snack,medium,가게명 문맥으로 밥버거 후보를 제안했습니다.,needs-review
M030,C007,봉구스밥버거,봉구퀸,도시락,"[""혼밥"",""가볍게"",""시험기간"",""빠른식사"",""포장"",""배달""]",,quick-snack,medium,가게명 문맥으로 밥버거 후보를 제안했습니다.,needs-review
M031,C008,미스사이공,소고기 쌀국수,아시안,"[""혼밥"",""가볍게"",""시험기간"",""빠른식사"",""데이트""]",,noodle-special,high,국물 유무와 관계없이 면 음식 확인: 쌀국수는 noodle-special 후보입니다.,needs-review
M032,C008,미스사이공,닭고기 쌀국수,아시안,"[""혼밥"",""가볍게"",""시험기간"",""빠른식사"",""데이트""]",,noodle-special,high,국물 유무와 관계없이 면 음식 확인: 쌀국수는 noodle-special 후보입니다.,needs-review
M033,C008,미스사이공,사이공 볶음밥,아시안,"[""혼밥"",""가볍게"",""시험기간"",""빠른식사"",""데이트""]",,rice-meal,high,,needs-review
M034,C009,맘스터치,싸이버거 세트,햄버거,"[""혼밥"",""시험기간"",""포장"",""배달"",""단체"",""든든함""]",,quick-snack,high,,needs-review
M035,C009,맘스터치,아라비아따치즈버거 세트,햄버거,"[""혼밥"",""시험기간"",""포장"",""배달"",""단체"",""든든함""]",,quick-snack,high,,needs-review
M036,C009,맘스터치,화이트갈릭싸이버거 세트,햄버거,"[""혼밥"",""시험기간"",""포장"",""배달"",""단체"",""든든함""]",,quick-snack,high,,needs-review
M037,C010,따뜻한밥상,김치찌개,한식,"[""혼밥"",""가볍게"",""시험기간"",""빠른식사"",""든든함"",""가성비"",""단체""]",,hot-soup,high,,needs-review
M038,C011,소소소국수집,잔치국수,분식,"[""혼밥"",""단체"",""시험기간"",""든든함"",""빠른식사"",""해장"",""비오는날""]",,noodle-special,high,,needs-review
M039,C011,소소소국수집,비빔국수,분식,"[""혼밥"",""단체"",""시험기간"",""든든함"",""빠른식사"",""해장"",""비오는날""]",,noodle-special,high,,needs-review
M040,C011,소소소국수집,열무국수,분식,"[""혼밥"",""단체"",""시험기간"",""든든함"",""빠른식사"",""해장"",""비오는날""]",,noodle-special,high,,needs-review
M041,C012,김밥천국,참치마요김밥,분식,"[""혼밥"",""시험기간"",""든든함"",""빠른식사"",""가성비"",""포장""]",,quick-snack,high,,needs-review
M042,C012,김밥천국,순두부찌개,분식,"[""혼밥"",""시험기간"",""든든함"",""빠른식사"",""해장""]",,hot-soup,high,,needs-review
M043,C012,김밥천국,돈까스,분식,"[""혼밥"",""시험기간"",""든든함"",""빠른식사""]",,main-dish,high,,needs-review
M044,C013,쌈마이 닭쌈밥,쌈마이 닭쌈밥 백반도시락,도시락,"[""혼밥"",""시험기간"",""든든함"",""빠른식사"",""시험기간"",""데이트"",""포장"",""배달""]",,rice-meal,high,,needs-review
M045,C013,쌈마이 닭쌈밥,양념닭쌈밥 백반도시락,도시락,"[""혼밥"",""시험기간"",""든든함"",""빠른식사"",""시험기간"",""데이트"",""포장"",""배달""]",,rice-meal,high,,needs-review
M046,C014,창대 비빔밥 뷔페,비빔밥,한식,"[""혼밥"",""시험기간"",""든든함"",""빠른식사""]",,rice-meal,high,,needs-review
M047,C015,알촌,순한알밥,한식,"[""혼밥"",""시험기간"",""든든함"",""빠른식사"",""포장"",""배달"",""가볍게""]",,rice-meal,high,,needs-review
M048,C015,알촌,약매알밥,한식,"[""혼밥"",""시험기간"",""든든함"",""빠른식사"",""포장"",""배달"",""가볍게""]",,rice-meal,high,,needs-review
M049,C015,알촌,매콤알밥,한식,"[""혼밥"",""시험기간"",""든든함"",""빠른식사"",""포장"",""배달"",""가볍게""]",,rice-meal,high,,needs-review
M050,C016,롯데리아,모짜렐라 인 더 버거 베이컨 세트,햄버거,"[""혼밥"",""시험기간"",""단체"",""빠른식사"",""포장"",""배달""]",,quick-snack,high,,needs-review
M051,C016,롯데리아,불고기버거,햄버거,"[""혼밥"",""시험기간"",""단체"",""빠른식사"",""포장"",""배달""]",,quick-snack,medium,"복수 식사 형태 후보가 감지되었습니다: quick-snack, main-dish.",needs-review
M052,C016,롯데리아,핫크리스피치킨버거 세트,햄버거,"[""혼밥"",""시험기간"",""단체"",""빠른식사"",""포장"",""배달""]",,quick-snack,high,,needs-review
M053,C017,이삭토스트,햄스페셜 토스트,햄버거,"[""혼밥"",""시험기간"",""단체"",""빠른식사"",""포장"",""배달""]",,quick-snack,high,,needs-review
M054,C017,이삭토스트,햄치즈 토스트,햄버거,"[""혼밥"",""시험기간"",""단체"",""빠른식사"",""포장"",""배달""]",,quick-snack,high,,needs-review
M055,C017,이삭토스트,베이컨 포테이토 피자,햄버거,"[""혼밥"",""시험기간"",""단체"",""빠른식사"",""포장"",""배달""]",,main-dish,high,,needs-review
M056,C018,뼈따구,뼈해장국,찜/탕,"[""혼밥"",""단체"",""시험기간"",""포장"",""해장"",""비오는날"",""든든함""]",,hot-soup,high,,needs-review
M057,C018,뼈따구,콩나물해장국,찜/탕,"[""혼밥"",""단체"",""시험기간"",""포장"",""해장"",""비오는날"",""든든함""]",,hot-soup,high,,needs-review
M058,C019,밀밭이야기,촌국수,한식,"[""혼밥"",""단체"",""든든함"",""비오는날""]",,noodle-special,high,,needs-review
M059,C019,밀밭이야기,비빔국수,한식,"[""혼밥"",""단체"",""든든함"",""비오는날""]",,noodle-special,high,,needs-review
M060,C019,밀밭이야기,양푼비빔밥,한식,"[""혼밥"",""단체"",""든든함"",""비오는날""]",,rice-meal,high,,needs-review
M061,C019,밀밭이야기,해물전,한식,"[""혼밥"",""단체"",""든든함"",""비오는날""]",,main-dish,high,,needs-review
M062,C019,밀밭이야기,수제비,한식,"[""혼밥"",""단체"",""든든함"",""비오는날""]",,noodle-special,high,,needs-review
M063,C019,밀밭이야기,들깨칼국수,한식,"[""혼밥"",""단체"",""든든함"",""비오는날""]",,noodle-special,high,,needs-review
M064,C020,김밥일번지,일번지김밥,분식,"[""혼밥"",""단체"",""든든함"",""비오는날"",""포장"",""시험기간""]",,quick-snack,high,,needs-review
M065,C020,김밥일번지,콩나물비빔밥,분식,"[""혼밥"",""단체"",""든든함"",""비오는날"",""포장"",""시험기간""]",,rice-meal,high,,needs-review
M066,C020,김밥일번지,일번지라면,분식,"[""혼밥"",""단체"",""든든함"",""비오는날"",""포장"",""시험기간""]",,noodle-special,high,,needs-review
M067,C020,김밥일번지,엄마떡볶이,분식,"[""혼밥"",""단체"",""든든함"",""비오는날"",""포장"",""시험기간""]",,quick-snack,high,,needs-review
M068,C021,팔팔마라탕,88마라탕,찜/탕,"[""혼밥"",""든든함"",""포장"",""배달"",""스트레스""]",,hot-soup,high,,needs-review
M069,C022,차곡히,순두부 제육볶음세트,한식,"[""혼밥"",""든든함"",""단체"",""데이트"",""시험기간""]",,hot-soup,medium,"복수 식사 형태 후보가 감지되었습니다: hot-soup, main-dish.",needs-review
M070,C022,차곡히,된장찌개 제육볶음 세트,한식,"[""혼밥"",""든든함"",""단체"",""데이트"",""시험기간""]",,hot-soup,medium,"복수 식사 형태 후보가 감지되었습니다: hot-soup, main-dish.",needs-review
M071,C023,레빗테이블,수제등심 돈가스,양식,"[""든든함"",""데이트"",""스트레스""]",,main-dish,high,,needs-review
M072,C023,레빗테이블,레빗크림 파스타,양식,"[""든든함"",""데이트"",""스트레스""]",,noodle-special,high,,needs-review
M073,C023,레빗테이블,레빗로제 파스타,양식,"[""든든함"",""데이트"",""스트레스""]",,noodle-special,high,,needs-review
M074,C023,레빗테이블,베이컨 크림 리조또,양식,"[""든든함"",""데이트"",""스트레스""]",,rice-meal,high,,needs-review
M075,C023,레빗테이블,고르곤졸라피자,양식,"[""든든함"",""데이트"",""스트레스""]",,main-dish,high,,needs-review
M076,C024,고가밀면,물밀면,분식,"[""혼밥"",""가볍게"",""빠른식사"",""해장"",""단체""]",,noodle-special,high,,needs-review
M077,C024,고가밀면,비빔면,분식,"[""혼밥"",""가볍게"",""빠른식사"",""해장"",""단체""]",,noodle-special,high,,needs-review
M078,C024,고가밀면,고가손만두,분식,"[""혼밥"",""가볍게"",""빠른식사"",""해장"",""단체""]",,quick-snack,high,,needs-review
M079,C025,가야밀면,물밀면,분식,"[""혼밥"",""가볍게"",""빠른식사"",""해장"",""단체""]",,noodle-special,high,,needs-review
M080,C025,가야밀면,비빔밀면,분식,"[""혼밥"",""가볍게"",""빠른식사"",""해장"",""단체""]",,noodle-special,high,,needs-review
M081,C025,가야밀면,돈까스,분식,"[""혼밥"",""가볍게"",""빠른식사"",""해장"",""단체""]",,main-dish,high,,needs-review
M082,C026,유가네닭갈비,유가네닭갈비,한식,"[""혼밥"",""단체"",""가볍게"",""든든함"",""데이트"",""포장"",""배달"",""시험기간""]",,main-dish,high,,needs-review
M083,C026,유가네닭갈비,콘치즈닭갈비,한식,"[""혼밥"",""단체"",""가볍게"",""든든함"",""데이트"",""포장"",""배달"",""시험기간""]",,main-dish,high,,needs-review
M084,C026,유가네닭갈비,닭갈비철판볶음밥,한식,"[""혼밥"",""단체"",""가볍게"",""든든함"",""데이트"",""포장"",""배달"",""시험기간""]",,rice-meal,medium,"복수 식사 형태 후보가 감지되었습니다: rice-meal, main-dish.",needs-review
M085,C026,유가네닭갈비,닭야채철판볶음밥,한식,"[""혼밥"",""단체"",""가볍게"",""든든함"",""데이트"",""포장"",""배달"",""시험기간""]",,rice-meal,high,,needs-review
M086,C026,유가네닭갈비,미소허니닭갈비,한식,"[""혼밥"",""단체"",""가볍게"",""든든함"",""데이트"",""포장"",""배달"",""시험기간""]",,main-dish,high,,needs-review
M087,C026,유가네닭갈비,치즈철판볶음밥,한식,"[""혼밥"",""단체"",""가볍게"",""든든함"",""데이트"",""포장"",""배달"",""시험기간""]",,rice-meal,high,,needs-review
M088,C027,호호돼지국밥,짜글이,한식,"[""혼밥"",""단체"",""가볍게"",""든든함"",""가성비"",""시험기간"",""빠른식사""]",,hot-soup,high,,needs-review
M089,C027,호호돼지국밥,돼지국밥,한식,"[""혼밥"",""단체"",""가볍게"",""든든함"",""가성비"",""시험기간"",""빠른식사""]",,hot-soup,high,,needs-review
M090,C027,호호돼지국밥,순대국밥,한식,"[""혼밥"",""단체"",""가볍게"",""든든함"",""가성비"",""시험기간"",""빠른식사""]",,hot-soup,high,,needs-review
M091,C027,호호돼지국밥,내장국밥,한식,"[""혼밥"",""단체"",""가볍게"",""든든함"",""가성비"",""시험기간"",""빠른식사""]",,hot-soup,high,,needs-review
M092,C027,호호돼지국밥,섞어국밥,한식,"[""혼밥"",""단체"",""가볍게"",""든든함"",""가성비"",""시험기간"",""빠른식사""]",,hot-soup,high,,needs-review
M093,C028,장독짜장,짜장면,중식,"[""혼밥"",""단체"",""가볍게"",""든든함"",""가성비"",""시험기간"",""빠른식사"",""데이트"",""포장"",""배달""]",,noodle-special,high,,needs-review
M094,C028,장독짜장,짬뽕,중식,"[""혼밥"",""단체"",""가볍게"",""든든함"",""가성비"",""시험기간"",""빠른식사"",""데이트"",""포장"",""배달""]",,noodle-special,high,,needs-review
M095,C028,장독짜장,볶음밥,중식,"[""혼밥"",""단체"",""가볍게"",""든든함"",""가성비"",""시험기간"",""빠른식사"",""데이트"",""포장"",""배달""]",,rice-meal,high,,needs-review
M096,C028,장독짜장,간짜장,중식,"[""혼밥"",""단체"",""가볍게"",""든든함"",""가성비"",""시험기간"",""빠른식사"",""데이트"",""포장"",""배달""]",,noodle-special,high,,needs-review
M097,C028,장독짜장,볶음짬뽕,중식,"[""혼밥"",""단체"",""가볍게"",""든든함"",""가성비"",""시험기간"",""빠른식사"",""데이트"",""포장"",""배달""]",,noodle-special,high,,needs-review
M098,C028,장독짜장,미니탕수육,중식,"[""혼밥"",""단체"",""가볍게"",""든든함"",""가성비"",""시험기간"",""빠른식사"",""데이트"",""포장"",""배달""]",,main-dish,high,이름의 '탕' 오분류 방지 확인: 미니탕수육은 main-dish 후보입니다.,needs-review
M099,C028,장독짜장,쟁반짜장,중식,"[""혼밥"",""단체"",""가볍게"",""든든함"",""가성비"",""시험기간"",""빠른식사"",""데이트"",""포장"",""배달""]",,noodle-special,high,,needs-review
M100,C029,돌솥밥수,돌솥밥 정식,한식,"[""혼밥"",""단체"",""든든함"",""데이트"",""시험기간""]",,rice-meal,high,,needs-review
